"","position","primary.basecall","secondary.basecall"
"1",5,"G","T"
"2",737,"G","C"
"3",898,"C","T"
"4",926,"A","C"
"5",935,"T","G"
"6",936,"A","C"
"7",937,"A","G"
"8",938,"G","A"
"9",939,"G","A"
"10",940,"G","A"
"11",941,"G","W"
"12",942,"A","G"
"13",943,"A","G"
"14",944,"A","G"
"15",946,"C","R"
"16",947,"C","W"
"17",948,"A","K"
"18",950,"T","G"
"19",951,"G","T"
"20",952,"A","G"
"21",955,"G","T"
"22",964,"G","T"
"23",965,"A","T"
"24",966,"A","C"
"25",972,"A","G"
"26",975,"T","C"
"27",976,"C","K"
"28",977,"C","K"
"29",979,"G","T"
"30",980,"G","T"
"31",981,"C","W"
"32",984,"G","Y"
"33",985,"A","G"
"34",987,"A","T"
"35",988,"A","T"
"36",989,"A","C"
"37",990,"G","M"
"38",991,"C","K"
"39",992,"C","A"
"40",993,"G","T"
"41",994,"A","C"
"42",995,"A","C"
"43",996,"A","C"
"44",997,"A","C"
"45",998,"A","C"
"46",1001,"G","W"
"47",1002,"A","Y"
"48",1003,"T","S"
"49",1004,"A","K"
"50",1006,"C","K"
"51",1009,"G","W"
"52",1010,"G","W"
"53",1011,"G","W"
"54",1012,"T","C"
"55",1013,"T","S"
"56",1014,"G","C"
"57",1015,"G","C"
"58",1016,"G","A"
"59",1017,"G","W"
"60",1021,"G","C"
"61",1024,"G","T"
"62",1025,"T","A"
"63",1028,"A","G"
"64",1029,"T","S"
"65",1030,"T","G"
"66",1033,"T","M"
"67",1034,"G","T"
"68",1036,"T","M"
"69",1037,"C","G"
"70",1039,"G","W"
"71",1041,"A","Y"
"72",1042,"A","Y"
"73",1043,"A","Y"
"74",1045,"A","G"
"75",1046,"A","T"
"76",1047,"A","T"
"77",1048,"A","T"
"78",1051,"T","R"
"79",1052,"C","G"
"80",1054,"A","Y"
"81",1055,"A","K"
"82",1056,"A","C"
"83",1057,"A","S"
"84",1059,"C","R"
"85",1060,"C","A"
"86",1061,"G","A"
"87",1062,"G","M"
"88",1063,"G","C"
"89",1065,"C","A"
"90",1066,"A","S"
"91",1068,"C","R"
"92",1073,"A","K"
"93",1075,"G","W"
"94",1076,"C","A"
"95",1078,"C","R"
"96",1079,"A","C"
"97",1081,"C","R"
"98",1082,"G","T"
"99",1084,"G","T"
"100",1085,"G","W"
"101",1086,"A","T"
"102",1087,"G","W"
"103",1089,"G","A"
"104",1090,"G","T"
"105",1091,"G","T"
"106",1092,"T","A"
"107",1093,"G","T"
"108",1094,"G","W"
"109",1096,"G","T"
"110",1097,"G","Y"
"111",1100,"G","Y"
"112",1101,"C","R"
"113",1102,"G","C"
"114",1103,"C","K"
"115",1105,"C","W"
